Species,AphiaID
Actinothoe sphyrodeta,100986
Marthasterias glacialis,123803
Echinus esculentus,124287
Paracentrotus lividus,124316
Holothuria forskali,124501
Labrus bergylta,126965
Dicentrarchus labrax,126975
Chelon labrosus,126977
Diplodus vulgaris,127054
Bispira volutacornis,130875
Cliona celata,134121
Mesophyllum lichenoides,145188
Laminaria ochroleuca,145728
Saccorhiza polyschides,145735
Halichondria panicea,165853
Tedania (Tedania) pilarriosae,169575
Symphodus bailloni,273566
